{
    "num_samples": 200,
    "mse_mean": 0.0053250740614021195,
    "mse_std": 0.002048364331418591,
    "psnr_mean": 23.060892766374067,
    "psnr_std": 1.705083141214618,
    "ssim_mean": 0.7404887908697129,
    "ssim_std": 0.047626676760769295,
    "mse_all": [
        0.004096259828656912,
        0.004884595982730389,
        0.007671127561479807,
        0.00636459281668067,
        0.006051547359675169,
        0.004894110839813948,
        0.006348488852381706,
        0.003929165191948414,
        0.004538337234407663,
        0.0038010466378182173,
        0.005768722854554653,
        0.004385968670248985,
        0.004186732228845358,
        0.0034172884188592434,
        0.0037537883035838604,
        0.006044034846127033,
        0.006346267182379961,
        0.00704889465123415,
        0.005586051847785711,
        0.009654047898948193,
        0.003841191763058305,
        0.006544892676174641,
        0.004765191115438938,
        0.0033146871719509363,
        0.002021660329774022,
        0.001584889949299395,
        0.0068322657607495785,
        0.003660013433545828,
        0.006608725991100073,
        0.005591410677880049,
        0.0075884126126766205,
        0.004864707123488188,
        0.004017698112875223,
        0.006649042945355177,
        0.0033279857598245144,
        0.004196738824248314,
        0.005150074139237404,
        0.00377248739823699,
        0.00517278304323554,
        0.0034595406614243984,
        0.009237236343324184,
        0.003391001606360078,
        0.004547659773379564,
        0.005908660124987364,
        0.005906812380999327,
        0.007958993315696716,
        0.00473508145660162,
        0.003038679715245962,
        0.004012822173535824,
        0.0046669961884617805,
        0.006401072256267071,
        0.005527187138795853,
        0.005394625943154097,
        0.003937204834073782,
        0.0035093044862151146,
        0.004950930364429951,
        0.005612506531178951,
        0.006973229348659515,
        0.0022855710703879595,
        0.0022474832367151976,
        0.007779876235872507,
        0.008542767725884914,
        0.0037271007895469666,
        0.011159797199070454,
        0.0030998217407613993,
        0.0029681797605007887,
        0.00394085980951786,
        0.008502851240336895,
        0.010789620690047741,
        0.005981446243822575,
        0.0033419844694435596,
        0.011556923389434814,
        0.006043942645192146,
        0.003641866147518158,
        0.008070442825555801,
        0.007077558431774378,
        0.005111151374876499,
        0.003655091393738985,
        0.010448371060192585,
        0.002837271196767688,
        0.0030921329744160175,
        0.00753100635483861,
        0.0066711693070828915,
        0.008391310460865498,
        0.005906017497181892,
        0.005973310209810734,
        0.004932714626193047,
        0.003612302243709564,
        0.003840007819235325,
        0.007031234912574291,
        0.0044023445807397366,
        0.003824592102319002,
        0.0022011189721524715,
        0.004984450992196798,
        0.005145311821252108,
        0.005497234873473644,
        0.00488832825794816,
        0.005504126660525799,
        0.0067830076441168785,
        0.004909621085971594,
        0.004161955788731575,
        0.006153379566967487,
        0.006428757216781378,
        0.0042324005626142025,
        0.004664692096412182,
        0.004643116611987352,
        0.00269516883417964,
        0.007047844585031271,
        0.006350016687065363,
        0.004023303743451834,
        0.004418375436216593,
        0.004030602518469095,
        0.0022638135123997927,
        0.0041806516237556934,
        0.006767157930880785,
        0.005214322358369827,
        0.003853557864204049,
        0.005667258985340595,
        0.003562331199645996,
        0.004142671823501587,
        0.0059257508255541325,
        0.007177125196903944,
        0.0047143371775746346,
        0.0023732867557555437,
        0.007402246352285147,
        0.005657852161675692,
        0.008843454532325268,
        0.005147644784301519,
        0.003634996246546507,
        0.0020318811293691397,
        0.0045938086695969105,
        0.004343249369412661,
        0.008749371394515038,
        0.004047895781695843,
        0.003529032925143838,
        0.0058946749195456505,
        0.00615661358460784,
        0.007794171571731567,
        0.00873322319239378,
        0.003906748257577419,
        0.006913462653756142,
        0.007601756602525711,
        0.005259714089334011,
        0.0037979958578944206,
        0.00928559247404337,
        0.00873959343880415,
        0.009162969887256622,
        0.007641035597771406,
        0.006147181149572134,
        0.004546944983303547,
        0.003139978740364313,
        0.008838849142193794,
        0.006051171105355024,
        0.002349044429138303,
        0.004372811410576105,
        0.004673925694078207,
        0.004953526426106691,
        0.0030693570151925087,
        0.005605175159871578,
        0.003730884287506342,
        0.008958159945905209,
        0.003627927042543888,
        0.005931541323661804,
        0.0072365389205515385,
        0.00451295543462038,
        0.002246114192530513,
        0.004875550512224436,
        0.0030524050816893578,
        0.003589957719668746,
        0.0055772410705685616,
        0.0035592811182141304,
        0.008482924662530422,
        0.007594969589263201,
        0.005863064434379339,
        0.006415172014385462,
        0.010218669660389423,
        0.0029032144229859114,
        0.004430493805557489,
        0.002609657822176814,
        0.008391928859055042,
        0.0018929725047200918,
        0.002217183355242014,
        0.004335972014814615,
        0.010091069154441357,
        0.007200243417173624,
        0.002794157015159726,
        0.010174102149903774,
        0.004984885919839144,
        0.00479535898193717,
        0.003755429992452264,
        0.003641068236902356,
        0.0030619194731116295,
        0.0048067946918308735,
        0.003686418291181326,
        0.0041732932440936565,
        0.00521410908550024,
        0.00623440183699131,
        0.006971938069909811,
        0.0028005894273519516,
        0.005688629113137722
    ],